station_id,station_name,timestamp,free_bikes,empty_slots,extra_uid,extra_last_updated,extra_slots,extra_normal_bikes,extra_ebikes
023efce1bbb332a1b918d56aeb671890,Avenida de Arteixo,2024-12-10T19:29:47.702718Z,1,14,53,1733858873,15,1,0
02cecd02915c86d7ab8034b61b19da0e,Mercado de Monte Alto,2024-12-10T19:29:47.702366Z,1,14,43,1733858870,15,0,1
030c4027b0bea390e562645c7082db4c,Los Rosales,2024-12-10T19:29:47.701807Z,11,13,11,1733858920,25,7,5
0e3aa0134a2f3d07ae5bd093e6af9a33,Plaza de Portugal,2024-12-10T19:29:47.702755Z,18,2,55,1733858933,20,16,2
104e0797759d11ac22a61cfed357800b,Ventorrillo,2024-12-10T19:29:47.702107Z,2,17,27,1733858847,19,2,0
10af3b0e504fc241415d4047a58bfb5b,Cd Castrillón,2024-12-10T19:29:47.702038Z,1,14,23,1733858878,15,0,1
15b6693701eb534cddabc0bdd4c3b8a2, Pablo Picasso,2024-12-10T19:29:47.702072Z,6,12,25,1733858934,19,4,3
16d30b6bb080c9ceac0ab0ca3b20111a,Barrio de las Flores,2024-12-10T19:29:47.702180Z,0,22,31,1733858833,23,0,0
18b3d4c21c5cec9d8e25fa0a6cab109a,Torre de Hércules,2024-12-10T19:29:47.701669Z,6,9,5,1733858866,15,2,4
18e32269ce7f371acf5ca7f016b07a2a,Campo de Marte,2024-12-10T19:29:47.701929Z,0,14,17,1733858791,15,0,0
198820c7b5fc5681e896110c4383a4a0,Hospital Abente y Lago,2024-12-10T19:29:47.702346Z,2,12,42,1733858819,15,2,0
1a77b47ff9c828307610737e1a9046c3,Plaza de Tabacos,2024-12-10T19:29:47.701869Z,7,12,14,1733858882,19,6,1
1df27d4197c65e404466107444967600,Casa del Agua,2024-12-10T19:29:47.702790Z,4,11,57,1733858943,16,3,1
2139f0834a27ab807a5edb3420c2841e,Plaza De Pontevedra,2024-12-10T19:29:47.701395Z,10,19,3,1733858799,29,10,0
280380564f13b15dbc782a43d2426689,Estación Autobuses,2024-12-10T19:29:47.701728Z,3,12,8,1733858789,15,2,1
2ad08bdfd5fda295855b0297d410716f,Orillamar,2024-12-10T19:29:47.702307Z,0,15,40,1733858844,15,0,0
2cdf0b7a087c888dee45f8c619ea5bb2,Aquarium,2024-12-10T19:29:47.701643Z,1,14,4,1733858799,15,0,1
2d16841278003915e01f897638776f63,Parque de Oza,2024-12-10T19:29:47.702458Z,5,9,49,1733858892,15,5,0
305b3112f5f1083876b2ce9146742596,Aparcamiento Matogrande,2024-12-10T19:29:47.701889Z,7,8,15,1733858846,15,7,0
447505d0e57db2f71d7572ceedcbb046,Agrela,2024-12-10T19:29:47.702124Z,0,23,28,1733858872,23,0,0
4c0262f67097091b43ca54b09a072bce,Paseo de Los Puentes,2024-12-10T19:29:47.701984Z,1,17,20,1733858841,19,1,0
5053bbeb34b876b59c45121ab341af93,Ágora,2024-12-10T19:29:47.702386Z,3,20,44,1733858927,23,2,1
5330f247a28be53b762427542867dd73,Campo de La Leña (Plaza De España),2024-12-10T19:29:47.701947Z,1,13,18,1733858941,15,1,0
7446dcc290f2570a47d4ed2bc9282ceb,Cuatro Caminos,2024-12-10T19:29:47.702476Z,11,11,50,1733858856,23,10,1
75e54fb28a5679603047bbd282047916,Puerto - Palexco,2024-12-10T19:29:47.701690Z,5,10,6,1733858837,15,5,0
88a676510bd52100c911fb1a9b5f87b4,Expocoruna,2024-12-10T19:29:47.702217Z,8,11,33,1733858814,19,8,0
8c078d095787b97917c07ab40bf3594e,Plaza Recife,2024-12-10T19:29:47.702439Z,5,9,47,1733858892,15,5,0
8dfd4b95e7f499296e03312c5b1f9e22,Plaza de San Rosendo,2024-12-10T19:29:47.701966Z,2,12,19,1733858947,15,1,1
938a003c099dc9b2c7411f2000b88022,Puerta Real,2024-12-10T19:29:47.702020Z,12,10,22,1733858879,22,12,0
95a1abdf86ec8d29deb7380938c2e02e,Plaza de Conchiñas,2024-12-10T19:29:47.701829Z,1,14,12,1733858875,15,1,0
9ba72d8f143fb690546e6950b2d53c97,Estación Tren,2024-12-10T19:29:47.701749Z,2,13,9,1733858942,15,2,0
9e7f93baecab42d934a507a9ef7e5938,Adormideras,2024-12-10T19:29:47.702090Z,9,10,26,1733858936,19,9,0
9e84dc079b6d308cb74dedeb0f98f345,Marineda,2024-12-10T19:29:47.702143Z,12,11,29,1733858815,23,12,0
a2893fa94f1de9a32b0b210b994f3e10,Parque de Santa Margarita,2024-12-10T19:29:47.702737Z,5,8,54,1733858897,13,5,0
a876e4f21fbf7e9873b395485d080c1f,Ciudad Escolar,2024-12-10T19:29:47.702253Z,7,10,36,1733858829,19,7,0
b376679bc7b9464f8f0edc775d71d5ad,Parque de Eirís,2024-12-10T19:29:47.702198Z,3,16,32,1733858919,19,1,2
b55aa9b4a84ef790d95fe5c43e4bd1ad,Novo Mesoiro,2024-12-10T19:29:47.702162Z,2,21,30,1733858816,23,2,0
bf735b3d92053c97f825a333f6686aac,Chuac,2024-12-10T19:29:47.702495Z,4,15,51,1733858941,19,4,0
c158d9e1e35d2323bb2bbf49da32c47b,Casa de Sol,2024-12-10T19:29:47.701907Z,5,10,16,1733858945,15,5,0
cc7469fb9362066706da43aafbe02e1f,Centro deportivo Elviña,2024-12-10T19:29:47.702513Z,10,9,52,1733858885,19,8,2
d03cf3099b20bc41dddaf4ee8b282dfa,Maestranza,2024-12-10T19:29:47.702235Z,0,19,35,1733858949,19,0,0
d9b01b13fb85506d591617ab5e8cf4bc,Mirador de los Castros,2024-12-10T19:29:47.701768Z,17,0,10,1733858946,19,16,1
daa753bf3bdb6d5b722734d126b843b1,Plaza de Vigo,2024-12-10T19:29:47.701849Z,13,5,13,1733858932,19,12,1
e97735d79704dc080f7ee1a2af1e402f,Obelisco,2024-12-10T19:29:47.701709Z,12,6,7,1733858789,23,12,0
f04ee4ffca2a6f3daacba88a9eee8487,Millenium,2024-12-10T19:29:47.702772Z,6,8,56,1733858952,15,6,0
f702a7b2b1631ace3781c405acb99b70,Praza de Ourense,2024-12-10T19:29:47.702326Z,1,14,41,1733858819,15,1,0
f86954a7b51703f735bce5b549cb4e16,Parque del Agra,2024-12-10T19:29:47.702404Z,2,10,45,1733858789,15,2,0
fb0d3f40ea7570546b171b43ccd57a2a,Rosales-Labañou,2024-12-10T19:29:47.702422Z,0,15,46,1733858811,15,0,0
fee1ae73b32ffb83e1bf3f6e83e616b7,Centro Cívico Monelos,2024-12-10T19:29:47.702002Z,1,14,21,1733858954,15,1,0
023efce1bbb332a1b918d56aeb671890,Avenida de Arteixo,2024-12-10T19:32:47.470733Z,0,15,53,1733859054,15,0,0
02cecd02915c86d7ab8034b61b19da0e,Mercado de Monte Alto,2024-12-10T19:32:47.469604Z,2,13,43,1733859054,15,0,2
030c4027b0bea390e562645c7082db4c,Los Rosales,2024-12-10T19:32:47.468868Z,11,14,11,1733859105,25,7,4
0e3aa0134a2f3d07ae5bd093e6af9a33,Plaza de Portugal,2024-12-10T19:32:47.470771Z,18,2,55,1733859117,20,16,2
104e0797759d11ac22a61cfed357800b,Ventorrillo,2024-12-10T19:32:47.469260Z,2,17,27,1733859027,19,2,0
10af3b0e504fc241415d4047a58bfb5b,Cd Castrillón,2024-12-10T19:32:47.469166Z,1,14,23,1733859061,15,0,1
15b6693701eb534cddabc0bdd4c3b8a2, Pablo Picasso,2024-12-10T19:32:47.469206Z,6,13,25,1733859115,19,4,2
16d30b6bb080c9ceac0ab0ca3b20111a,Barrio de las Flores,2024-12-10T19:32:47.469359Z,0,22,31,1733859015,23,0,0
18b3d4c21c5cec9d8e25fa0a6cab109a,Torre de Hércules,2024-12-10T19:32:47.468515Z,5,10,5,1733859050,15,1,4
18e32269ce7f371acf5ca7f016b07a2a,Campo de Marte,2024-12-10T19:32:47.469013Z,0,14,17,1733858977,15,0,0
198820c7b5fc5681e896110c4383a4a0,Hospital Abente y Lago,2024-12-10T19:32:47.469573Z,2,12,42,1733859003,15,2,0
1a77b47ff9c828307610737e1a9046c3,Plaza de Tabacos,2024-12-10T19:32:47.468944Z,6,12,14,1733859067,19,6,1
1df27d4197c65e404466107444967600,Casa del Agua,2024-12-10T19:32:47.470805Z,3,11,57,1733859126,16,3,0
2139f0834a27ab807a5edb3420c2841e,Plaza De Pontevedra,2024-12-10T19:32:47.468461Z,11,18,3,1733858982,29,11,0
280380564f13b15dbc782a43d2426689,Estación Autobuses,2024-12-10T19:32:47.468593Z,3,12,8,1733859153,15,2,1
2ad08bdfd5fda295855b0297d410716f,Orillamar,2024-12-10T19:32:47.469526Z,0,15,40,1733859025,15,0,0
2cdf0b7a087c888dee45f8c619ea5bb2,Aquarium,2024-12-10T19:32:47.468492Z,1,14,4,1733858984,15,0,1
2d16841278003915e01f897638776f63,Parque de Oza,2024-12-10T19:32:47.469724Z,5,9,49,1733859074,15,5,0
305b3112f5f1083876b2ce9146742596,Aparcamiento Matogrande,2024-12-10T19:32:47.468972Z,8,7,15,1733859031,15,7,1
447505d0e57db2f71d7572ceedcbb046,Agrela,2024-12-10T19:32:47.469281Z,0,23,28,1733859055,23,0,0
4c0262f67097091b43ca54b09a072bce,Paseo de Los Puentes,2024-12-10T19:32:47.469089Z,1,17,20,1733859024,19,1,0
5053bbeb34b876b59c45121ab341af93,Ágora,2024-12-10T19:32:47.469627Z,8,15,44,1733859110,23,5,3
5330f247a28be53b762427542867dd73,Campo de La Leña (Plaza De España),2024-12-10T19:32:47.469044Z,0,14,18,1733859123,15,0,0
7446dcc290f2570a47d4ed2bc9282ceb,Cuatro Caminos,2024-12-10T19:32:47.469744Z,12,11,50,1733859037,23,10,2
75e54fb28a5679603047bbd282047916,Puerto - Palexco,2024-12-10T19:32:47.468545Z,5,10,6,1733859021,15,5,0
88a676510bd52100c911fb1a9b5f87b4,Expocoruna,2024-12-10T19:32:47.469407Z,8,11,33,1733858997,19,8,0
8c078d095787b97917c07ab40bf3594e,Plaza Recife,2024-12-10T19:32:47.469703Z,5,9,47,1733859076,15,5,0
8dfd4b95e7f499296e03312c5b1f9e22,Plaza de San Rosendo,2024-12-10T19:32:47.469069Z,2,12,19,1733859130,15,1,1
938a003c099dc9b2c7411f2000b88022,Puerta Real,2024-12-10T19:32:47.469143Z,12,10,22,1733859061,22,12,0
95a1abdf86ec8d29deb7380938c2e02e,Plaza de Conchiñas,2024-12-10T19:32:47.468894Z,1,14,12,1733859060,15,1,0
9ba72d8f143fb690546e6950b2d53c97,Estación Tren,2024-12-10T19:32:47.468619Z,2,13,9,1733859125,15,2,0
9e7f93baecab42d934a507a9ef7e5938,Adormideras,2024-12-10T19:32:47.469237Z,9,10,26,1733859120,19,9,0
9e84dc079b6d308cb74dedeb0f98f345,Marineda,2024-12-10T19:32:47.469308Z,12,11,29,1733859000,23,12,0
a2893fa94f1de9a32b0b210b994f3e10,Parque de Santa Margarita,2024-12-10T19:32:47.470752Z,4,8,54,1733859081,13,5,0
a876e4f21fbf7e9873b395485d080c1f,Ciudad Escolar,2024-12-10T19:32:47.469454Z,6,11,36,1733859014,19,6,0
b376679bc7b9464f8f0edc775d71d5ad,Parque de Eirís,2024-12-10T19:32:47.469378Z,3,16,32,1733859102,19,1,2
b55aa9b4a84ef790d95fe5c43e4bd1ad,Novo Mesoiro,2024-12-10T19:32:47.469339Z,2,21,30,1733859001,23,2,0
bf735b3d92053c97f825a333f6686aac,Chuac,2024-12-10T19:32:47.469772Z,4,15,51,1733859124,19,4,0
c158d9e1e35d2323bb2bbf49da32c47b,Casa de Sol,2024-12-10T19:32:47.468993Z,4,11,16,1733859126,15,4,0
cc7469fb9362066706da43aafbe02e1f,Centro deportivo Elviña,2024-12-10T19:32:47.470707Z,10,9,52,1733859067,19,8,2
d03cf3099b20bc41dddaf4ee8b282dfa,Maestranza,2024-12-10T19:32:47.469434Z,0,19,35,1733859132,19,0,0
d9b01b13fb85506d591617ab5e8cf4bc,Mirador de los Castros,2024-12-10T19:32:47.468835Z,17,0,10,1733859128,19,16,1
daa753bf3bdb6d5b722734d126b843b1,Plaza de Vigo,2024-12-10T19:32:47.468915Z,12,5,13,1733859117,19,12,1
e97735d79704dc080f7ee1a2af1e402f,Obelisco,2024-12-10T19:32:47.468570Z,12,6,7,1733859151,23,12,0
f04ee4ffca2a6f3daacba88a9eee8487,Millenium,2024-12-10T19:32:47.470787Z,6,8,56,1733859135,15,6,0
f702a7b2b1631ace3781c405acb99b70,Praza de Ourense,2024-12-10T19:32:47.469549Z,1,14,41,1733859002,15,1,0
f86954a7b51703f735bce5b549cb4e16,Parque del Agra,2024-12-10T19:32:47.469647Z,2,10,45,1733858973,15,2,0
fb0d3f40ea7570546b171b43ccd57a2a,Rosales-Labañou,2024-12-10T19:32:47.469673Z,0,14,46,1733858993,15,0,0
fee1ae73b32ffb83e1bf3f6e83e616b7,Centro Cívico Monelos,2024-12-10T19:32:47.469111Z,2,13,21,1733859138,15,2,0
023efce1bbb332a1b918d56aeb671890,Avenida de Arteixo,2024-12-10T19:32:47.470733Z,0,15,53,1733859054,15,0,0
02cecd02915c86d7ab8034b61b19da0e,Mercado de Monte Alto,2024-12-10T19:32:47.469604Z,2,13,43,1733859054,15,0,2
030c4027b0bea390e562645c7082db4c,Los Rosales,2024-12-10T19:32:47.468868Z,11,14,11,1733859105,25,7,4
0e3aa0134a2f3d07ae5bd093e6af9a33,Plaza de Portugal,2024-12-10T19:32:47.470771Z,18,2,55,1733859117,20,16,2
104e0797759d11ac22a61cfed357800b,Ventorrillo,2024-12-10T19:32:47.469260Z,2,17,27,1733859027,19,2,0
10af3b0e504fc241415d4047a58bfb5b,Cd Castrillón,2024-12-10T19:32:47.469166Z,1,14,23,1733859061,15,0,1
15b6693701eb534cddabc0bdd4c3b8a2, Pablo Picasso,2024-12-10T19:32:47.469206Z,6,13,25,1733859115,19,4,2
16d30b6bb080c9ceac0ab0ca3b20111a,Barrio de las Flores,2024-12-10T19:32:47.469359Z,0,22,31,1733859015,23,0,0
18b3d4c21c5cec9d8e25fa0a6cab109a,Torre de Hércules,2024-12-10T19:32:47.468515Z,5,10,5,1733859050,15,1,4
18e32269ce7f371acf5ca7f016b07a2a,Campo de Marte,2024-12-10T19:32:47.469013Z,0,14,17,1733858977,15,0,0
198820c7b5fc5681e896110c4383a4a0,Hospital Abente y Lago,2024-12-10T19:32:47.469573Z,2,12,42,1733859003,15,2,0
1a77b47ff9c828307610737e1a9046c3,Plaza de Tabacos,2024-12-10T19:32:47.468944Z,6,12,14,1733859067,19,6,1
1df27d4197c65e404466107444967600,Casa del Agua,2024-12-10T19:32:47.470805Z,3,11,57,1733859126,16,3,0
2139f0834a27ab807a5edb3420c2841e,Plaza De Pontevedra,2024-12-10T19:32:47.468461Z,11,18,3,1733858982,29,11,0
280380564f13b15dbc782a43d2426689,Estación Autobuses,2024-12-10T19:32:47.468593Z,3,12,8,1733859153,15,2,1
2ad08bdfd5fda295855b0297d410716f,Orillamar,2024-12-10T19:32:47.469526Z,0,15,40,1733859025,15,0,0
2cdf0b7a087c888dee45f8c619ea5bb2,Aquarium,2024-12-10T19:32:47.468492Z,1,14,4,1733858984,15,0,1
2d16841278003915e01f897638776f63,Parque de Oza,2024-12-10T19:32:47.469724Z,5,9,49,1733859074,15,5,0
305b3112f5f1083876b2ce9146742596,Aparcamiento Matogrande,2024-12-10T19:32:47.468972Z,8,7,15,1733859031,15,7,1
447505d0e57db2f71d7572ceedcbb046,Agrela,2024-12-10T19:32:47.469281Z,0,23,28,1733859055,23,0,0
4c0262f67097091b43ca54b09a072bce,Paseo de Los Puentes,2024-12-10T19:32:47.469089Z,1,17,20,1733859024,19,1,0
5053bbeb34b876b59c45121ab341af93,Ágora,2024-12-10T19:32:47.469627Z,8,15,44,1733859110,23,5,3
5330f247a28be53b762427542867dd73,Campo de La Leña (Plaza De España),2024-12-10T19:32:47.469044Z,0,14,18,1733859123,15,0,0
7446dcc290f2570a47d4ed2bc9282ceb,Cuatro Caminos,2024-12-10T19:32:47.469744Z,12,11,50,1733859037,23,10,2
75e54fb28a5679603047bbd282047916,Puerto - Palexco,2024-12-10T19:32:47.468545Z,5,10,6,1733859021,15,5,0
88a676510bd52100c911fb1a9b5f87b4,Expocoruna,2024-12-10T19:32:47.469407Z,8,11,33,1733858997,19,8,0
8c078d095787b97917c07ab40bf3594e,Plaza Recife,2024-12-10T19:32:47.469703Z,5,9,47,1733859076,15,5,0
8dfd4b95e7f499296e03312c5b1f9e22,Plaza de San Rosendo,2024-12-10T19:32:47.469069Z,2,12,19,1733859130,15,1,1
938a003c099dc9b2c7411f2000b88022,Puerta Real,2024-12-10T19:32:47.469143Z,12,10,22,1733859061,22,12,0
95a1abdf86ec8d29deb7380938c2e02e,Plaza de Conchiñas,2024-12-10T19:32:47.468894Z,1,14,12,1733859060,15,1,0
9ba72d8f143fb690546e6950b2d53c97,Estación Tren,2024-12-10T19:32:47.468619Z,2,13,9,1733859125,15,2,0
9e7f93baecab42d934a507a9ef7e5938,Adormideras,2024-12-10T19:32:47.469237Z,9,10,26,1733859120,19,9,0
9e84dc079b6d308cb74dedeb0f98f345,Marineda,2024-12-10T19:32:47.469308Z,12,11,29,1733859000,23,12,0
a2893fa94f1de9a32b0b210b994f3e10,Parque de Santa Margarita,2024-12-10T19:32:47.470752Z,4,8,54,1733859081,13,5,0
a876e4f21fbf7e9873b395485d080c1f,Ciudad Escolar,2024-12-10T19:32:47.469454Z,6,11,36,1733859014,19,6,0
b376679bc7b9464f8f0edc775d71d5ad,Parque de Eirís,2024-12-10T19:32:47.469378Z,3,16,32,1733859102,19,1,2
b55aa9b4a84ef790d95fe5c43e4bd1ad,Novo Mesoiro,2024-12-10T19:32:47.469339Z,2,21,30,1733859001,23,2,0
bf735b3d92053c97f825a333f6686aac,Chuac,2024-12-10T19:32:47.469772Z,4,15,51,1733859124,19,4,0
c158d9e1e35d2323bb2bbf49da32c47b,Casa de Sol,2024-12-10T19:32:47.468993Z,4,11,16,1733859126,15,4,0
cc7469fb9362066706da43aafbe02e1f,Centro deportivo Elviña,2024-12-10T19:32:47.470707Z,10,9,52,1733859067,19,8,2
d03cf3099b20bc41dddaf4ee8b282dfa,Maestranza,2024-12-10T19:32:47.469434Z,0,19,35,1733859132,19,0,0
d9b01b13fb85506d591617ab5e8cf4bc,Mirador de los Castros,2024-12-10T19:32:47.468835Z,17,0,10,1733859128,19,16,1
daa753bf3bdb6d5b722734d126b843b1,Plaza de Vigo,2024-12-10T19:32:47.468915Z,12,5,13,1733859117,19,12,1
e97735d79704dc080f7ee1a2af1e402f,Obelisco,2024-12-10T19:32:47.468570Z,12,6,7,1733859151,23,12,0
f04ee4ffca2a6f3daacba88a9eee8487,Millenium,2024-12-10T19:32:47.470787Z,6,8,56,1733859135,15,6,0
f702a7b2b1631ace3781c405acb99b70,Praza de Ourense,2024-12-10T19:32:47.469549Z,1,14,41,1733859002,15,1,0
f86954a7b51703f735bce5b549cb4e16,Parque del Agra,2024-12-10T19:32:47.469647Z,2,10,45,1733858973,15,2,0
fb0d3f40ea7570546b171b43ccd57a2a,Rosales-Labañou,2024-12-10T19:32:47.469673Z,0,14,46,1733858993,15,0,0
fee1ae73b32ffb83e1bf3f6e83e616b7,Centro Cívico Monelos,2024-12-10T19:32:47.469111Z,2,13,21,1733859138,15,2,0
023efce1bbb332a1b918d56aeb671890,Avenida de Arteixo,2024-12-10T19:32:47.470733Z,0,15,53,1733859054,15,0,0
02cecd02915c86d7ab8034b61b19da0e,Mercado de Monte Alto,2024-12-10T19:32:47.469604Z,2,13,43,1733859054,15,0,2
030c4027b0bea390e562645c7082db4c,Los Rosales,2024-12-10T19:32:47.468868Z,11,14,11,1733859105,25,7,4
0e3aa0134a2f3d07ae5bd093e6af9a33,Plaza de Portugal,2024-12-10T19:32:47.470771Z,18,2,55,1733859117,20,16,2
104e0797759d11ac22a61cfed357800b,Ventorrillo,2024-12-10T19:32:47.469260Z,2,17,27,1733859027,19,2,0
10af3b0e504fc241415d4047a58bfb5b,Cd Castrillón,2024-12-10T19:32:47.469166Z,1,14,23,1733859061,15,0,1
15b6693701eb534cddabc0bdd4c3b8a2, Pablo Picasso,2024-12-10T19:32:47.469206Z,6,13,25,1733859115,19,4,2
16d30b6bb080c9ceac0ab0ca3b20111a,Barrio de las Flores,2024-12-10T19:32:47.469359Z,0,22,31,1733859015,23,0,0
18b3d4c21c5cec9d8e25fa0a6cab109a,Torre de Hércules,2024-12-10T19:32:47.468515Z,5,10,5,1733859050,15,1,4
18e32269ce7f371acf5ca7f016b07a2a,Campo de Marte,2024-12-10T19:32:47.469013Z,0,14,17,1733858977,15,0,0
198820c7b5fc5681e896110c4383a4a0,Hospital Abente y Lago,2024-12-10T19:32:47.469573Z,2,12,42,1733859003,15,2,0
1a77b47ff9c828307610737e1a9046c3,Plaza de Tabacos,2024-12-10T19:32:47.468944Z,6,12,14,1733859067,19,6,1
1df27d4197c65e404466107444967600,Casa del Agua,2024-12-10T19:32:47.470805Z,3,11,57,1733859126,16,3,0
2139f0834a27ab807a5edb3420c2841e,Plaza De Pontevedra,2024-12-10T19:32:47.468461Z,11,18,3,1733858982,29,11,0
280380564f13b15dbc782a43d2426689,Estación Autobuses,2024-12-10T19:32:47.468593Z,3,12,8,1733859153,15,2,1
2ad08bdfd5fda295855b0297d410716f,Orillamar,2024-12-10T19:32:47.469526Z,0,15,40,1733859025,15,0,0
2cdf0b7a087c888dee45f8c619ea5bb2,Aquarium,2024-12-10T19:32:47.468492Z,1,14,4,1733858984,15,0,1
2d16841278003915e01f897638776f63,Parque de Oza,2024-12-10T19:32:47.469724Z,5,9,49,1733859074,15,5,0
305b3112f5f1083876b2ce9146742596,Aparcamiento Matogrande,2024-12-10T19:32:47.468972Z,8,7,15,1733859031,15,7,1
447505d0e57db2f71d7572ceedcbb046,Agrela,2024-12-10T19:32:47.469281Z,0,23,28,1733859055,23,0,0
4c0262f67097091b43ca54b09a072bce,Paseo de Los Puentes,2024-12-10T19:32:47.469089Z,1,17,20,1733859024,19,1,0
5053bbeb34b876b59c45121ab341af93,Ágora,2024-12-10T19:32:47.469627Z,8,15,44,1733859110,23,5,3
5330f247a28be53b762427542867dd73,Campo de La Leña (Plaza De España),2024-12-10T19:32:47.469044Z,0,14,18,1733859123,15,0,0
7446dcc290f2570a47d4ed2bc9282ceb,Cuatro Caminos,2024-12-10T19:32:47.469744Z,12,11,50,1733859037,23,10,2
75e54fb28a5679603047bbd282047916,Puerto - Palexco,2024-12-10T19:32:47.468545Z,5,10,6,1733859021,15,5,0
88a676510bd52100c911fb1a9b5f87b4,Expocoruna,2024-12-10T19:32:47.469407Z,8,11,33,1733858997,19,8,0
8c078d095787b97917c07ab40bf3594e,Plaza Recife,2024-12-10T19:32:47.469703Z,5,9,47,1733859076,15,5,0
8dfd4b95e7f499296e03312c5b1f9e22,Plaza de San Rosendo,2024-12-10T19:32:47.469069Z,2,12,19,1733859130,15,1,1
938a003c099dc9b2c7411f2000b88022,Puerta Real,2024-12-10T19:32:47.469143Z,12,10,22,1733859061,22,12,0
95a1abdf86ec8d29deb7380938c2e02e,Plaza de Conchiñas,2024-12-10T19:32:47.468894Z,1,14,12,1733859060,15,1,0
9ba72d8f143fb690546e6950b2d53c97,Estación Tren,2024-12-10T19:32:47.468619Z,2,13,9,1733859125,15,2,0
9e7f93baecab42d934a507a9ef7e5938,Adormideras,2024-12-10T19:32:47.469237Z,9,10,26,1733859120,19,9,0
9e84dc079b6d308cb74dedeb0f98f345,Marineda,2024-12-10T19:32:47.469308Z,12,11,29,1733859000,23,12,0
a2893fa94f1de9a32b0b210b994f3e10,Parque de Santa Margarita,2024-12-10T19:32:47.470752Z,4,8,54,1733859081,13,5,0
a876e4f21fbf7e9873b395485d080c1f,Ciudad Escolar,2024-12-10T19:32:47.469454Z,6,11,36,1733859014,19,6,0
b376679bc7b9464f8f0edc775d71d5ad,Parque de Eirís,2024-12-10T19:32:47.469378Z,3,16,32,1733859102,19,1,2
b55aa9b4a84ef790d95fe5c43e4bd1ad,Novo Mesoiro,2024-12-10T19:32:47.469339Z,2,21,30,1733859001,23,2,0
bf735b3d92053c97f825a333f6686aac,Chuac,2024-12-10T19:32:47.469772Z,4,15,51,1733859124,19,4,0
c158d9e1e35d2323bb2bbf49da32c47b,Casa de Sol,2024-12-10T19:32:47.468993Z,4,11,16,1733859126,15,4,0
cc7469fb9362066706da43aafbe02e1f,Centro deportivo Elviña,2024-12-10T19:32:47.470707Z,10,9,52,1733859067,19,8,2
d03cf3099b20bc41dddaf4ee8b282dfa,Maestranza,2024-12-10T19:32:47.469434Z,0,19,35,1733859132,19,0,0
d9b01b13fb85506d591617ab5e8cf4bc,Mirador de los Castros,2024-12-10T19:32:47.468835Z,17,0,10,1733859128,19,16,1
daa753bf3bdb6d5b722734d126b843b1,Plaza de Vigo,2024-12-10T19:32:47.468915Z,12,5,13,1733859117,19,12,1
e97735d79704dc080f7ee1a2af1e402f,Obelisco,2024-12-10T19:32:47.468570Z,12,6,7,1733859151,23,12,0
f04ee4ffca2a6f3daacba88a9eee8487,Millenium,2024-12-10T19:32:47.470787Z,6,8,56,1733859135,15,6,0
f702a7b2b1631ace3781c405acb99b70,Praza de Ourense,2024-12-10T19:32:47.469549Z,1,14,41,1733859002,15,1,0
f86954a7b51703f735bce5b549cb4e16,Parque del Agra,2024-12-10T19:32:47.469647Z,2,10,45,1733858973,15,2,0
fb0d3f40ea7570546b171b43ccd57a2a,Rosales-Labañou,2024-12-10T19:32:47.469673Z,0,14,46,1733858993,15,0,0
fee1ae73b32ffb83e1bf3f6e83e616b7,Centro Cívico Monelos,2024-12-10T19:32:47.469111Z,2,13,21,1733859138,15,2,0
023efce1bbb332a1b918d56aeb671890,Avenida de Arteixo,2024-12-11T16:56:46.518973Z,2,13,53,1733936072,15,2,0
02cecd02915c86d7ab8034b61b19da0e,Mercado de Monte Alto,2024-12-11T16:56:46.518807Z,1,14,43,1733936043,15,0,1
030c4027b0bea390e562645c7082db4c,Los Rosales,2024-12-11T16:56:46.518262Z,1,23,11,1733936093,25,0,1
0e3aa0134a2f3d07ae5bd093e6af9a33,Plaza de Portugal,2024-12-11T16:56:46.519012Z,13,6,55,1733936010,20,13,0
104e0797759d11ac22a61cfed357800b,Ventorrillo,2024-12-11T16:56:46.518554Z,0,18,27,1733936062,18,0,0
10af3b0e504fc241415d4047a58bfb5b,Cd Castrillón,2024-12-11T16:56:46.518482Z,0,15,23,1733936097,15,0,0
15b6693701eb534cddabc0bdd4c3b8a2, Pablo Picasso,2024-12-11T16:56:46.518516Z,5,13,25,1733936123,19,5,0
16d30b6bb080c9ceac0ab0ca3b20111a,Barrio de las Flores,2024-12-11T16:56:46.518628Z,0,23,31,1733936043,23,0,0
18b3d4c21c5cec9d8e25fa0a6cab109a,Torre de Hércules,2024-12-11T16:56:46.518140Z,3,12,5,1733936142,15,1,2
18e32269ce7f371acf5ca7f016b07a2a,Campo de Marte,2024-12-11T16:56:46.518372Z,0,15,17,1733936125,15,0,0
198820c7b5fc5681e896110c4383a4a0,Hospital Abente y Lago,2024-12-11T16:56:46.518790Z,0,15,42,1733936107,15,0,0
1a77b47ff9c828307610737e1a9046c3,Plaza de Tabacos,2024-12-11T16:56:46.518319Z,12,4,14,1733936078,19,12,1
1df27d4197c65e404466107444967600,Casa del Agua,2024-12-11T16:56:46.519052Z,9,6,57,1733936173,16,8,1
2139f0834a27ab807a5edb3420c2841e,Plaza De Pontevedra,2024-12-11T16:56:46.518082Z,12,16,3,1733936022,29,12,0
280380564f13b15dbc782a43d2426689,Estación Autobuses,2024-12-11T16:56:46.518201Z,9,6,8,1733936126,15,9,0
2ad08bdfd5fda295855b0297d410716f,Orillamar,2024-12-11T16:56:46.518752Z,4,11,40,1733936011,15,4,0
2cdf0b7a087c888dee45f8c619ea5bb2,Aquarium,2024-12-11T16:56:46.518116Z,2,13,4,1733936070,15,2,0
2d16841278003915e01f897638776f63,Parque de Oza,2024-12-11T16:56:46.518897Z,15,0,49,1733936096,15,15,0
305b3112f5f1083876b2ce9146742596,Aparcamiento Matogrande,2024-12-11T16:56:46.518337Z,4,11,15,1733936037,15,2,2
447505d0e57db2f71d7572ceedcbb046,Agrela,2024-12-11T16:56:46.518573Z,0,23,28,1733936160,23,0,0
4c0262f67097091b43ca54b09a072bce,Paseo de Los Puentes,2024-12-11T16:56:46.518428Z,4,12,20,1733936179,19,3,3
5053bbeb34b876b59c45121ab341af93,Ágora,2024-12-11T16:56:46.518827Z,2,19,44,1733936077,23,2,0
5330f247a28be53b762427542867dd73,Campo de La Leña (Plaza De España),2024-12-11T16:56:46.518391Z,2,12,18,1733936039,15,2,1
7446dcc290f2570a47d4ed2bc9282ceb,Cuatro Caminos,2024-12-11T16:56:46.518916Z,16,7,50,1733936034,23,15,1
75e54fb28a5679603047bbd282047916,Puerto - Palexco,2024-12-11T16:56:46.518161Z,6,8,6,1733936139,15,4,3
88a676510bd52100c911fb1a9b5f87b4,Expocoruna,2024-12-11T16:56:46.518664Z,8,11,33,1733936162,19,8,0
8c078d095787b97917c07ab40bf3594e,Plaza Recife,2024-12-11T16:56:46.518881Z,0,15,47,1733936027,15,0,0
8dfd4b95e7f499296e03312c5b1f9e22,Plaza de San Rosendo,2024-12-11T16:56:46.518409Z,0,14,19,1733936139,15,0,0
938a003c099dc9b2c7411f2000b88022,Puerta Real,2024-12-11T16:56:46.518464Z,2,20,22,1733936135,22,2,0
95a1abdf86ec8d29deb7380938c2e02e,Plaza de Conchiñas,2024-12-11T16:56:46.518281Z,5,10,12,1733936114,15,5,0
9ba72d8f143fb690546e6950b2d53c97,Estación Tren,2024-12-11T16:56:46.518220Z,2,13,9,1733936171,15,2,0
9e7f93baecab42d934a507a9ef7e5938,Adormideras,2024-12-11T16:56:46.518536Z,6,13,26,1733936182,19,6,0
9e84dc079b6d308cb74dedeb0f98f345,Marineda,2024-12-11T16:56:46.518592Z,16,7,29,1733936046,23,13,3
a2893fa94f1de9a32b0b210b994f3e10,Parque de Santa Margarita,2024-12-11T16:56:46.518992Z,0,13,54,1733936115,13,0,0
a876e4f21fbf7e9873b395485d080c1f,Ciudad Escolar,2024-12-11T16:56:46.518701Z,16,1,36,1733936171,19,14,2
b376679bc7b9464f8f0edc775d71d5ad,Parque de Eirís,2024-12-11T16:56:46.518646Z,0,19,32,1733936084,19,0,0
b55aa9b4a84ef790d95fe5c43e4bd1ad,Novo Mesoiro,2024-12-11T16:56:46.518610Z,1,22,30,1733936090,23,1,0
bf735b3d92053c97f825a333f6686aac,Chuac,2024-12-11T16:56:46.518935Z,1,18,51,1733936154,19,1,0
c158d9e1e35d2323bb2bbf49da32c47b,Casa de Sol,2024-12-11T16:56:46.518354Z,2,13,16,1733936129,16,2,1
cc7469fb9362066706da43aafbe02e1f,Centro deportivo Elviña,2024-12-11T16:56:46.518954Z,1,18,52,1733936047,19,1,0
d03cf3099b20bc41dddaf4ee8b282dfa,Maestranza,2024-12-11T16:56:46.518683Z,7,12,35,1733936063,19,6,1
d9b01b13fb85506d591617ab5e8cf4bc,Mirador de los Castros,2024-12-11T16:56:46.518242Z,11,7,10,1733936104,19,11,0
daa753bf3bdb6d5b722734d126b843b1,Plaza de Vigo,2024-12-11T16:56:46.518300Z,2,16,13,1733936103,19,2,0
e97735d79704dc080f7ee1a2af1e402f,Obelisco,2024-12-11T16:56:46.518182Z,4,19,7,1733936183,23,4,0
f04ee4ffca2a6f3daacba88a9eee8487,Millenium,2024-12-11T16:56:46.519032Z,5,9,56,1733936038,15,4,1
f702a7b2b1631ace3781c405acb99b70,Praza de Ourense,2024-12-11T16:56:46.518772Z,3,12,41,1733936122,15,3,0
f86954a7b51703f735bce5b549cb4e16,Parque del Agra,2024-12-11T16:56:46.518846Z,8,4,45,1733936076,15,8,1
fb0d3f40ea7570546b171b43ccd57a2a,Rosales-Labañou,2024-12-11T16:56:46.518863Z,2,13,46,1733936018,15,2,0
fee1ae73b32ffb83e1bf3f6e83e616b7,Centro Cívico Monelos,2024-12-11T16:56:46.518446Z,0,15,21,1733936177,15,0,0
